fold,epoch,train_loss_frontal,train_loss_lateral,val_loss_frontal,val_loss_lateral,acc_front,prec_front,recall_front,mcc_front,acc_lat,prec_lat,recall_lat,mcc_lat
3,1,0.7042849589700568,0.643901207838973,0.676309387762468,0.6685936935655363,0.6703296703296703,0.6538461538461539,0.9444444444444444,0.30139814339315507,0.7252747252747253,0.8918918918918919,0.6111111111111112,0.503003003003003
