fold,avg_loss_frontal,avg_loss_lateral,avg_loss_combined,acc_front,prec_front,rec_front,mcc_front,acc_lat,prec_lat,rec_lat,mcc_lat,auc,avg_time_ms,acc_combined,sens_combined,spec_combined,mcc_combined,tp_combined,tn_combined,fp_combined,fn_combined
1,0.6633369519903853,0.6346605774518606,0.6281931931908066,0.6216216216216216,0.6666666666666666,0.35294117647058826,0.2357270177361015,0.8108108108108109,0.9166666666666666,0.6470588235294118,0.6356176554514267,0.8588235294117647,110.51567961663208,0.8108108108108109,0.6470588235294118,0.95,0.6356176554514267,11,19,1,6
2,0.6717795858512053,0.6668190037882006,0.6447388690871161,0.6216216216216216,0.8,0.23529411764705882,0.27011027159945145,0.7837837837837838,1.0,0.5294117647058824,0.6149400462680908,0.8441176470588234,80.05248564861816,0.7297297297297297,0.4117647058823529,1.0,0.5239368319955838,7,20,0,10
3,0.6564379431105949,0.7105010683472092,0.6601183172818776,0.5675675675675675,0.6666666666666666,0.11764705882352941,0.12350606688841981,0.6756756756756757,1.0,0.29411764705882354,0.4287464628562721,0.8588235294117647,80.30594125188686,0.6756756756756757,0.29411764705882354,1.0,0.4287464628562721,5,20,0,12
4,0.6756455012269922,0.6708834686794797,0.6461404819746275,0.5675675675675675,0.5714285714285714,0.23529411764705882,0.10852977234194237,0.7027027027027027,1.0,0.35294117647058826,0.4771833869905095,0.8558823529411764,80.21005951308621,0.7027027027027027,0.35294117647058826,1.0,0.4771833869905095,6,20,0,11
5,0.6565014075588536,0.7124281380627606,0.6589741739066871,0.5945945945945946,1.0,0.11764705882352941,0.25928148942086576,0.6216216216216216,1.0,0.17647058823529413,0.32218973970892123,0.9558823529411765,80.17603413050843,0.6216216216216216,0.17647058823529413,1.0,0.32218973970892123,3,20,0,14
